[
  {
    "time": "2025-07-13T07:42:02.549789",
    "action": "BUY",
    "token": {
      "mint": "TokenA",
      "symbol": "TKNA",
      "liquidity": 1500
    },
    "amount": 0.025
  },
  {
    "session_id": "20250713_075144",
    "timestamp": "2025-07-13T07:51:44.268655",
    "action": "BUY",
    "token": {
      "mint": "ORCA_Token_9105",
      "symbol": "ORC737",
      "name": "Orca Token 364"
    },
    "amount_sol": 0.025,
    "trade_id": "trade_000000",
    "bot_info": {
      "name": "AURACLE",
      "version": "1.0.0",
      "traveler_id": "5798"
    },
    "market_data": {
      "liquidity": 2938,
      "volume_24h": 7989,
      "price_change_24h": 0.17459124736368564,
      "holders": 243
    }
  },
  {
    "session_id": "20250713_075144",
    "timestamp": "2025-07-13T07:51:44.269441",
    "action": "BUY",
    "token": {
      "mint": "RAY_Token_2463",
      "symbol": "RAY7",
      "name": "Raydium Token 49"
    },
    "amount_sol": 0.025,
    "trade_id": "trade_000001",
    "bot_info": {
      "name": "AURACLE",
      "version": "1.0.0",
      "traveler_id": "5798"
    },
    "market_data": {
      "liquidity": 1747,
      "volume_24h": 7105,
      "price_change_24h": -0.09621970979768857,
      "holders": 139
    }
  },
  {
    "session_id": "20250713_075144",
    "timestamp": "2025-07-13T07:51:44.270122",
    "action": "BUY",
    "token": {
      "mint": "RAY_Token_3014",
      "symbol": "RAY904",
      "name": "Raydium Token 14"
    },
    "amount_sol": 0.025,
    "trade_id": "trade_000002",
    "bot_info": {
      "name": "AURACLE",
      "version": "1.0.0",
      "traveler_id": "5798"
    },
    "market_data": {
      "liquidity": 2636,
      "volume_24h": 2240,
      "price_change_24h": 0.4932099186257906,
      "holders": 187
    }
  },
  {
    "session_id": "20250713_075144",
    "timestamp": "2025-07-13T07:52:14.268968",
    "action": "BUY",
    "token": {
      "mint": "ORCA_Token_8615",
      "symbol": "ORC97",
      "name": "Orca Token 580"
    },
    "amount_sol": 0.025,
    "trade_id": "trade_000003",
    "bot_info": {
      "name": "AURACLE",
      "version": "1.0.0",
      "traveler_id": "5798"
    },
    "market_data": {
      "liquidity": 3616,
      "volume_24h": 5185,
      "price_change_24h": 0.23710264740717818,
      "holders": 218
    }
  },
  {
    "session_id": "20250713_075144",
    "timestamp": "2025-07-13T07:52:14.269721",
    "action": "BUY",
    "token": {
      "mint": "RAY_Token_6368",
      "symbol": "RAY101",
      "name": "Raydium Token 543"
    },
    "amount_sol": 0.025,
    "trade_id": "trade_000004",
    "bot_info": {
      "name": "AURACLE",
      "version": "1.0.0",
      "traveler_id": "5798"
    },
    "market_data": {
      "liquidity": 2276,
      "volume_24h": 5795,
      "price_change_24h": 0.11649166089076213,
      "holders": 198
    }
  },
  {
    "session_id": "20250713_075144",
    "timestamp": "2025-07-13T07:52:14.270493",
    "action": "BUY",
    "token": {
      "mint": "ORCA_Token_5010",
      "symbol": "ORC497",
      "name": "Orca Token 678"
    },
    "amount_sol": 0.025,
    "trade_id": "trade_000005",
    "bot_info": {
      "name": "AURACLE",
      "version": "1.0.0",
      "traveler_id": "5798"
    },
    "market_data": {
      "liquidity": 3669,
      "volume_24h": 4434,
      "price_change_24h": 0.06954727999996707,
      "holders": 46
    }
  },
  {
    "session_id": "20250713_075144",
    "timestamp": "2025-07-13T07:52:14.271315",
    "action": "BUY",
    "token": {
      "mint": "RAY_Token_6545",
      "symbol": "RAY202",
      "name": "Raydium Token 881"
    },
    "amount_sol": 0.025,
    "trade_id": "trade_000006",
    "bot_info": {
      "name": "AURACLE",
      "version": "1.0.0",
      "traveler_id": "5798"
    },
    "market_data": {
      "liquidity": 4423,
      "volume_24h": 2818,
      "price_change_24h": 0.3739020390556734,
      "holders": 102
    }
  },
  {
    "session_id": "20250713_080530",
    "timestamp": "2025-07-13T08:05:30.395677",
    "action": "BUY",
    "token": {
      "mint": "RAY_Token_9005",
      "symbol": "RAY960",
      "name": "Raydium Token 391"
    },
    "amount_sol": 0.001,
    "trade_id": "trade_000000",
    "bot_info": {
      "name": "AURACLE",
      "version": "1.0.0",
      "traveler_id": "5798"
    },
    "market_data": {
      "liquidity": 4019,
      "volume_24h": 9317,
      "price_change_24h": 0.054982302359842306,
      "holders": 197
    }
  },
  {
    "session_id": "20250713_080530",
    "timestamp": "2025-07-13T08:05:30.397297",
    "action": "BUY",
    "token": {
      "mint": "RAY_Token_8188",
      "symbol": "RAY725",
      "name": "Raydium Token 19"
    },
    "amount_sol": 0.001,
    "trade_id": "trade_000001",
    "bot_info": {
      "name": "AURACLE",
      "version": "1.0.0",
      "traveler_id": "5798"
    },
    "market_data": {
      "liquidity": 4396,
      "volume_24h": 1943,
      "price_change_24h": 0.19618355377942304,
      "holders": 345
    }
  },
  {
    "session_id": "20250713_080530",
    "timestamp": "2025-07-13T08:05:30.398282",
    "action": "BUY",
    "token": {
      "mint": "ORCA_Token_4689",
      "symbol": "ORC767",
      "name": "Orca Token 361"
    },
    "amount_sol": 0.001,
    "trade_id": "trade_000002",
    "bot_info": {
      "name": "AURACLE",
      "version": "1.0.0",
      "traveler_id": "5798"
    },
    "market_data": {
      "liquidity": 3886,
      "volume_24h": 7596,
      "price_change_24h": 0.3691735962066672,
      "holders": 69
    }
  },
  {
    "session_id": "20250713_080530",
    "timestamp": "2025-07-13T08:05:30.399282",
    "action": "BUY",
    "token": {
      "mint": "ORCA_Token_3226",
      "symbol": "ORC531",
      "name": "Orca Token 920"
    },
    "amount_sol": 0.001,
    "trade_id": "trade_000003",
    "bot_info": {
      "name": "AURACLE",
      "version": "1.0.0",
      "traveler_id": "5798"
    },
    "market_data": {
      "liquidity": 1471,
      "volume_24h": 2547,
      "price_change_24h": 0.03222756339546362,
      "holders": 276
    }
  },
  {
    "session_id": "20250713_080823",
    "timestamp": "2025-07-13T08:08:23.441900",
    "action": "BUY",
    "token": {
      "mint": "ORCA_Token_4807",
      "symbol": "ORC55",
      "name": "Orca Token 676"
    },
    "amount_sol": 0.001,
    "trade_id": "trade_000000",
    "bot_info": {
      "name": "AURACLE",
      "version": "1.0.0",
      "traveler_id": "5798"
    },
    "market_data": {
      "liquidity": 2353,
      "volume_24h": 3428,
      "price_change_24h": 0.014578246554093899,
      "holders": 230
    }
  },
  {
    "session_id": "20250713_080823",
    "timestamp": "2025-07-13T08:08:23.443048",
    "action": "BUY",
    "token": {
      "mint": "RAY_Token_6970",
      "symbol": "RAY154",
      "name": "Raydium Token 124"
    },
    "amount_sol": 0.001,
    "trade_id": "trade_000001",
    "bot_info": {
      "name": "AURACLE",
      "version": "1.0.0",
      "traveler_id": "5798"
    },
    "market_data": {
      "liquidity": 3209,
      "volume_24h": 3028,
      "price_change_24h": 0.4078567809785045,
      "holders": 334
    }
  },
  {
    "session_id": "20250713_080932",
    "timestamp": "2025-07-13T08:09:32.407059",
    "action": "BUY",
    "token": {
      "mint": "RAY_Token_5538",
      "symbol": "RAY160",
      "name": "Raydium Token 597"
    },
    "amount_sol": 0.001,
    "trade_id": "trade_000000",
    "bot_info": {
      "name": "AURACLE",
      "version": "1.0.0",
      "traveler_id": "5798"
    },
    "market_data": {
      "liquidity": 4438,
      "volume_24h": 4697,
      "price_change_24h": 0.19662464526807405,
      "holders": 367
    }
  },
  {
    "session_id": "20250713_082449",
    "timestamp": "2025-07-13T08:24:49.045677",
    "action": "BUY",
    "token": {
      "mint": "RAY_Token_3509",
      "symbol": "RAY906",
      "name": "Raydium Token 428"
    },
    "amount_sol": 0.001,
    "trade_id": "trade_000000",
    "bot_info": {
      "name": "AURACLE",
      "version": "1.0.0",
      "traveler_id": "5798"
    },
    "market_data": {
      "liquidity": 2558,
      "volume_24h": 3267,
      "price_change_24h": 0.27241829623819264,
      "holders": 236
    }
  },
  {
    "session_id": "20250713_082743",
    "timestamp": "2025-07-13T08:27:43.454420",
    "action": "BUY",
    "token": {
      "mint": "RAY_Token_5881",
      "symbol": "RAY512",
      "name": "Raydium Token 492"
    },
    "amount_sol": 0.001,
    "trade_id": "trade_000000",
    "bot_info": {
      "name": "AURACLE",
      "version": "1.0.0",
      "traveler_id": "5798"
    },
    "market_data": {
      "liquidity": 3122,
      "volume_24h": 3520,
      "price_change_24h": 0.3948824225935799,
      "holders": 310
    }
  },
  {
    "session_id": "20250713_082743",
    "timestamp": "2025-07-13T08:27:43.455699",
    "action": "BUY",
    "token": {
      "mint": "ORCA_Token_9658",
      "symbol": "ORC871",
      "name": "Orca Token 871"
    },
    "amount_sol": 0.001,
    "trade_id": "trade_000001",
    "bot_info": {
      "name": "AURACLE",
      "version": "1.0.0",
      "traveler_id": "5798"
    },
    "market_data": {
      "liquidity": 1904,
      "volume_24h": 7821,
      "price_change_24h": -0.08796346089636577,
      "holders": 122
    }
  },
  {
    "session_id": "20250713_082743",
    "timestamp": "2025-07-13T08:27:43.458154",
    "action": "BUY",
    "token": {
      "mint": "ORCA_Token_6477",
      "symbol": "ORC277",
      "name": "Orca Token 958"
    },
    "amount_sol": 0.001,
    "trade_id": "trade_000002",
    "bot_info": {
      "name": "AURACLE",
      "version": "1.0.0",
      "traveler_id": "5798"
    },
    "market_data": {
      "liquidity": 1081,
      "volume_24h": 3715,
      "price_change_24h": 0.3109820702856592,
      "holders": 126
    }
  },
  {
    "session_id": "20250713_125700",
    "timestamp": "2025-07-13T12:57:00.801109",
    "action": "BUY",
    "token": {
      "mint": "demo_token_1752411420_0",
      "symbol": "DEMO1",
      "name": "Demo Token 1"
    },
    "amount_sol": 0.001,
    "trade_id": "trade_000000",
    "bot_info": {
      "name": "AURACLE",
      "version": "1.0.0",
      "traveler_id": "5798"
    },
    "market_data": {
      "liquidity": 35383,
      "volume_24h": 15009,
      "price_change_24h": 0.15136530342936805,
      "holders": 248
    }
  },
  {
    "session_id": "20250713_125700",
    "timestamp": "2025-07-13T12:57:00.902769",
    "action": "BUY",
    "token": {
      "mint": "demo_token_1752411420_1",
      "symbol": "DEMO2",
      "name": "Demo Token 2"
    },
    "amount_sol": 0.001,
    "trade_id": "trade_000001",
    "bot_info": {
      "name": "AURACLE",
      "version": "1.0.0",
      "traveler_id": "5798"
    },
    "market_data": {
      "liquidity": 12433,
      "volume_24h": 11304,
      "price_change_24h": 0.26747667666131875,
      "holders": 274
    }
  },
  {
    "session_id": "20250713_125700",
    "timestamp": "2025-07-13T12:57:01.004679",
    "action": "BUY",
    "token": {
      "mint": "demo_token_1752411420_2",
      "symbol": "DEMO3",
      "name": "Demo Token 3"
    },
    "amount_sol": 0.001,
    "trade_id": "trade_000002",
    "bot_info": {
      "name": "AURACLE",
      "version": "1.0.0",
      "traveler_id": "5798"
    },
    "market_data": {
      "liquidity": 8461,
      "volume_24h": 7399,
      "price_change_24h": 0.18177211924445075,
      "holders": 56
    }
  },
  {
    "session_id": "20250713_125700",
    "timestamp": "2025-07-13T12:57:01.106150",
    "action": "BUY",
    "token": {
      "mint": "demo_token_1752411420_3",
      "symbol": "DEMO4",
      "name": "Demo Token 4"
    },
    "amount_sol": 0.001,
    "trade_id": "trade_000003",
    "bot_info": {
      "name": "AURACLE",
      "version": "1.0.0",
      "traveler_id": "5798"
    },
    "market_data": {
      "liquidity": 20439,
      "volume_24h": 16499,
      "price_change_24h": 0.12226857459921264,
      "holders": 148
    }
  },
  {
    "session_id": "20250713_125700",
    "timestamp": "2025-07-13T12:57:01.208061",
    "action": "BUY",
    "token": {
      "mint": "demo_token_1752411420_4",
      "symbol": "DEMO5",
      "name": "Demo Token 5"
    },
    "amount_sol": 0.001,
    "trade_id": "trade_000004",
    "bot_info": {
      "name": "AURACLE",
      "version": "1.0.0",
      "traveler_id": "5798"
    },
    "market_data": {
      "liquidity": 23919,
      "volume_24h": 19527,
      "price_change_24h": 0.18110335725494747,
      "holders": 379
    }
  },
  {
    "session_id": "20250713_125700",
    "timestamp": "2025-07-13T12:58:00.857905",
    "action": "BUY",
    "token": {
      "mint": "demo_token_1752411480_0",
      "symbol": "DEMO1",
      "name": "Demo Token 1"
    },
    "amount_sol": 0.001,
    "trade_id": "trade_000005",
    "bot_info": {
      "name": "AURACLE",
      "version": "1.0.0",
      "traveler_id": "5798"
    },
    "market_data": {
      "liquidity": 6446,
      "volume_24h": 5737,
      "price_change_24h": -0.1066381001593954,
      "holders": 469
    }
  },
  {
    "session_id": "20250713_125700",
    "timestamp": "2025-07-13T12:58:00.959599",
    "action": "BUY",
    "token": {
      "mint": "demo_token_1752411480_1",
      "symbol": "DEMO2",
      "name": "Demo Token 2"
    },
    "amount_sol": 0.001,
    "trade_id": "trade_000006",
    "bot_info": {
      "name": "AURACLE",
      "version": "1.0.0",
      "traveler_id": "5798"
    },
    "market_data": {
      "liquidity": 45693,
      "volume_24h": 10901,
      "price_change_24h": 0.014943569726250272,
      "holders": 272
    }
  },
  {
    "session_id": "20250713_125700",
    "timestamp": "2025-07-13T12:59:00.918639",
    "action": "BUY",
    "token": {
      "mint": "demo_token_1752411540_0",
      "symbol": "DEMO1",
      "name": "Demo Token 1"
    },
    "amount_sol": 0.001,
    "trade_id": "trade_000007",
    "bot_info": {
      "name": "AURACLE",
      "version": "1.0.0",
      "traveler_id": "5798"
    },
    "market_data": {
      "liquidity": 44180,
      "volume_24h": 502,
      "price_change_24h": 0.28762491559989195,
      "holders": 126
    }
  },
  {
    "session_id": "20250713_125700",
    "timestamp": "2025-07-13T12:59:01.020709",
    "action": "BUY",
    "token": {
      "mint": "demo_token_1752411540_1",
      "symbol": "DEMO2",
      "name": "Demo Token 2"
    },
    "amount_sol": 0.001,
    "trade_id": "trade_000008",
    "bot_info": {
      "name": "AURACLE",
      "version": "1.0.0",
      "traveler_id": "5798"
    },
    "market_data": {
      "liquidity": 40018,
      "volume_24h": 9866,
      "price_change_24h": 0.06328830473229535,
      "holders": 354
    }
  },
  {
    "session_id": "20250713_125700",
    "timestamp": "2025-07-13T12:59:01.122605",
    "action": "BUY",
    "token": {
      "mint": "demo_token_1752411540_2",
      "symbol": "DEMO3",
      "name": "Demo Token 3"
    },
    "amount_sol": 0.001,
    "trade_id": "trade_000009",
    "bot_info": {
      "name": "AURACLE",
      "version": "1.0.0",
      "traveler_id": "5798"
    },
    "market_data": {
      "liquidity": 43297,
      "volume_24h": 544,
      "price_change_24h": -0.2326993916782567,
      "holders": 175
    }
  },
  {
    "session_id": "20250713_125700",
    "timestamp": "2025-07-13T12:59:01.224315",
    "action": "BUY",
    "token": {
      "mint": "demo_token_1752411540_3",
      "symbol": "DEMO4",
      "name": "Demo Token 4"
    },
    "amount_sol": 0.001,
    "trade_id": "trade_000010",
    "bot_info": {
      "name": "AURACLE",
      "version": "1.0.0",
      "traveler_id": "5798"
    },
    "market_data": {
      "liquidity": 23750,
      "volume_24h": 8515,
      "price_change_24h": 0.10690968860064504,
      "holders": 500
    }
  },
  {
    "session_id": "20250713_125700",
    "timestamp": "2025-07-13T13:00:00.978465",
    "action": "BUY",
    "token": {
      "mint": "demo_token_1752411600_0",
      "symbol": "DEMO1",
      "name": "Demo Token 1"
    },
    "amount_sol": 0.001,
    "trade_id": "trade_000011",
    "bot_info": {
      "name": "AURACLE",
      "version": "1.0.0",
      "traveler_id": "5798"
    },
    "market_data": {
      "liquidity": 31315,
      "volume_24h": 1451,
      "price_change_24h": -0.2142262704714752,
      "holders": 102
    }
  },
  {
    "session_id": "20250713_125700",
    "timestamp": "2025-07-13T13:00:01.080287",
    "action": "BUY",
    "token": {
      "mint": "demo_token_1752411600_1",
      "symbol": "DEMO2",
      "name": "Demo Token 2"
    },
    "amount_sol": 0.001,
    "trade_id": "trade_000012",
    "bot_info": {
      "name": "AURACLE",
      "version": "1.0.0",
      "traveler_id": "5798"
    },
    "market_data": {
      "liquidity": 13877,
      "volume_24h": 19682,
      "price_change_24h": -0.2028372385597742,
      "holders": 493
    }
  },
  {
    "session_id": "20250713_125700",
    "timestamp": "2025-07-13T13:00:01.183025",
    "action": "BUY",
    "token": {
      "mint": "demo_token_1752411600_2",
      "symbol": "DEMO3",
      "name": "Demo Token 3"
    },
    "amount_sol": 0.001,
    "trade_id": "trade_000013",
    "bot_info": {
      "name": "AURACLE",
      "version": "1.0.0",
      "traveler_id": "5798"
    },
    "market_data": {
      "liquidity": 41033,
      "volume_24h": 7205,
      "price_change_24h": -0.02074632974821561,
      "holders": 162
    }
  },
  {
    "session_id": "20250713_125700",
    "timestamp": "2025-07-13T13:00:01.285024",
    "action": "BUY",
    "token": {
      "mint": "demo_token_1752411600_3",
      "symbol": "DEMO4",
      "name": "Demo Token 4"
    },
    "amount_sol": 0.001,
    "trade_id": "trade_000014",
    "bot_info": {
      "name": "AURACLE",
      "version": "1.0.0",
      "traveler_id": "5798"
    },
    "market_data": {
      "liquidity": 8450,
      "volume_24h": 13563,
      "price_change_24h": -0.03505754805603761,
      "holders": 337
    }
  },
  {
    "session_id": "20250713_125700",
    "timestamp": "2025-07-13T13:00:01.389297",
    "action": "BUY",
    "token": {
      "mint": "demo_token_1752411600_4",
      "symbol": "DEMO5",
      "name": "Demo Token 5"
    },
    "amount_sol": 0.001,
    "trade_id": "trade_000015",
    "bot_info": {
      "name": "AURACLE",
      "version": "1.0.0",
      "traveler_id": "5798"
    },
    "market_data": {
      "liquidity": 30993,
      "volume_24h": 19524,
      "price_change_24h": -0.13043288212427098,
      "holders": 412
    }
  },
  {
    "session_id": "20250713_125700",
    "timestamp": "2025-07-13T13:01:01.038829",
    "action": "BUY",
    "token": {
      "mint": "demo_token_1752411661_0",
      "symbol": "DEMO1",
      "name": "Demo Token 1"
    },
    "amount_sol": 0.001,
    "trade_id": "trade_000016",
    "bot_info": {
      "name": "AURACLE",
      "version": "1.0.0",
      "traveler_id": "5798"
    },
    "market_data": {
      "liquidity": 35714,
      "volume_24h": 14420,
      "price_change_24h": -0.28749159087030773,
      "holders": 120
    }
  },
  {
    "session_id": "20250713_125700",
    "timestamp": "2025-07-13T13:01:01.141203",
    "action": "BUY",
    "token": {
      "mint": "demo_token_1752411661_1",
      "symbol": "DEMO2",
      "name": "Demo Token 2"
    },
    "amount_sol": 0.001,
    "trade_id": "trade_000017",
    "bot_info": {
      "name": "AURACLE",
      "version": "1.0.0",
      "traveler_id": "5798"
    },
    "market_data": {
      "liquidity": 28370,
      "volume_24h": 6391,
      "price_change_24h": 0.030988793360648748,
      "holders": 474
    }
  },
  {
    "session_id": "20250713_125700",
    "timestamp": "2025-07-13T13:01:01.243984",
    "action": "BUY",
    "token": {
      "mint": "demo_token_1752411661_2",
      "symbol": "DEMO3",
      "name": "Demo Token 3"
    },
    "amount_sol": 0.001,
    "trade_id": "trade_000018",
    "bot_info": {
      "name": "AURACLE",
      "version": "1.0.0",
      "traveler_id": "5798"
    },
    "market_data": {
      "liquidity": 31778,
      "volume_24h": 11636,
      "price_change_24h": 0.29284495933371596,
      "holders": 199
    }
  },
  {
    "session_id": "20250713_125700",
    "timestamp": "2025-07-13T13:02:01.099228",
    "action": "BUY",
    "token": {
      "mint": "demo_token_1752411721_0",
      "symbol": "DEMO1",
      "name": "Demo Token 1"
    },
    "amount_sol": 0.001,
    "trade_id": "trade_000019",
    "bot_info": {
      "name": "AURACLE",
      "version": "1.0.0",
      "traveler_id": "5798"
    },
    "market_data": {
      "liquidity": 36176,
      "volume_24h": 13389,
      "price_change_24h": -0.14191069460957487,
      "holders": 253
    }
  },
  {
    "session_id": "20250713_125700",
    "timestamp": "2025-07-13T13:02:01.201217",
    "action": "BUY",
    "token": {
      "mint": "demo_token_1752411721_1",
      "symbol": "DEMO2",
      "name": "Demo Token 2"
    },
    "amount_sol": 0.001,
    "trade_id": "trade_000020",
    "bot_info": {
      "name": "AURACLE",
      "version": "1.0.0",
      "traveler_id": "5798"
    },
    "market_data": {
      "liquidity": 48982,
      "volume_24h": 8445,
      "price_change_24h": 0.17324340789978498,
      "holders": 183
    }
  },
  {
    "session_id": "20250713_125700",
    "timestamp": "2025-07-13T13:02:01.303452",
    "action": "BUY",
    "token": {
      "mint": "demo_token_1752411721_2",
      "symbol": "DEMO3",
      "name": "Demo Token 3"
    },
    "amount_sol": 0.001,
    "trade_id": "trade_000021",
    "bot_info": {
      "name": "AURACLE",
      "version": "1.0.0",
      "traveler_id": "5798"
    },
    "market_data": {
      "liquidity": 39082,
      "volume_24h": 1585,
      "price_change_24h": -0.10281197575130477,
      "holders": 417
    }
  },
  {
    "session_id": "20250713_125700",
    "timestamp": "2025-07-13T13:02:01.406309",
    "action": "BUY",
    "token": {
      "mint": "demo_token_1752411721_3",
      "symbol": "DEMO4",
      "name": "Demo Token 4"
    },
    "amount_sol": 0.001,
    "trade_id": "trade_000022",
    "bot_info": {
      "name": "AURACLE",
      "version": "1.0.0",
      "traveler_id": "5798"
    },
    "market_data": {
      "liquidity": 40082,
      "volume_24h": 14627,
      "price_change_24h": 0.16591433551657137,
      "holders": 89
    }
  },
  {
    "session_id": "20250713_125700",
    "timestamp": "2025-07-13T13:03:01.159867",
    "action": "BUY",
    "token": {
      "mint": "demo_token_1752411781_0",
      "symbol": "DEMO1",
      "name": "Demo Token 1"
    },
    "amount_sol": 0.001,
    "trade_id": "trade_000023",
    "bot_info": {
      "name": "AURACLE",
      "version": "1.0.0",
      "traveler_id": "5798"
    },
    "market_data": {
      "liquidity": 8661,
      "volume_24h": 12399,
      "price_change_24h": 0.0842941071999348,
      "holders": 259
    }
  },
  {
    "session_id": "20250713_125700",
    "timestamp": "2025-07-13T13:04:01.220782",
    "action": "BUY",
    "token": {
      "mint": "demo_token_1752411841_0",
      "symbol": "DEMO1",
      "name": "Demo Token 1"
    },
    "amount_sol": 0.001,
    "trade_id": "trade_000024",
    "bot_info": {
      "name": "AURACLE",
      "version": "1.0.0",
      "traveler_id": "5798"
    },
    "market_data": {
      "liquidity": 27788,
      "volume_24h": 819,
      "price_change_24h": -0.18289551655231118,
      "holders": 485
    }
  },
  {
    "session_id": "20250713_125700",
    "timestamp": "2025-07-13T13:04:01.323848",
    "action": "BUY",
    "token": {
      "mint": "demo_token_1752411841_1",
      "symbol": "DEMO2",
      "name": "Demo Token 2"
    },
    "amount_sol": 0.001,
    "trade_id": "trade_000025",
    "bot_info": {
      "name": "AURACLE",
      "version": "1.0.0",
      "traveler_id": "5798"
    },
    "market_data": {
      "liquidity": 4382,
      "volume_24h": 13920,
      "price_change_24h": -0.08849448850940858,
      "holders": 270
    }
  },
  {
    "session_id": "20250713_125700",
    "timestamp": "2025-07-13T13:04:01.426981",
    "action": "BUY",
    "token": {
      "mint": "demo_token_1752411841_2",
      "symbol": "DEMO3",
      "name": "Demo Token 3"
    },
    "amount_sol": 0.001,
    "trade_id": "trade_000026",
    "bot_info": {
      "name": "AURACLE",
      "version": "1.0.0",
      "traveler_id": "5798"
    },
    "market_data": {
      "liquidity": 37084,
      "volume_24h": 6242,
      "price_change_24h": 0.262821956576151,
      "holders": 103
    }
  },
  {
    "session_id": "20250713_125700",
    "timestamp": "2025-07-13T13:05:01.279204",
    "action": "BUY",
    "token": {
      "mint": "demo_token_1752411901_0",
      "symbol": "DEMO1",
      "name": "Demo Token 1"
    },
    "amount_sol": 0.001,
    "trade_id": "trade_000027",
    "bot_info": {
      "name": "AURACLE",
      "version": "1.0.0",
      "traveler_id": "5798"
    },
    "market_data": {
      "liquidity": 24298,
      "volume_24h": 14435,
      "price_change_24h": -0.2882126920120687,
      "holders": 277
    }
  },
  {
    "session_id": "20250713_125700",
    "timestamp": "2025-07-13T13:05:01.381408",
    "action": "BUY",
    "token": {
      "mint": "demo_token_1752411901_1",
      "symbol": "DEMO2",
      "name": "Demo Token 2"
    },
    "amount_sol": 0.001,
    "trade_id": "trade_000028",
    "bot_info": {
      "name": "AURACLE",
      "version": "1.0.0",
      "traveler_id": "5798"
    },
    "market_data": {
      "liquidity": 10101,
      "volume_24h": 4229,
      "price_change_24h": 0.13609689263993335,
      "holders": 108
    }
  },
  {
    "session_id": "20250713_125700",
    "timestamp": "2025-07-13T13:06:01.339756",
    "action": "BUY",
    "token": {
      "mint": "demo_token_1752411961_0",
      "symbol": "DEMO1",
      "name": "Demo Token 1"
    },
    "amount_sol": 0.001,
    "trade_id": "trade_000029",
    "bot_info": {
      "name": "AURACLE",
      "version": "1.0.0",
      "traveler_id": "5798"
    },
    "market_data": {
      "liquidity": 37126,
      "volume_24h": 9034,
      "price_change_24h": -0.1580980345560477,
      "holders": 237
    }
  },
  {
    "session_id": "20250713_125700",
    "timestamp": "2025-07-13T13:06:01.442001",
    "action": "BUY",
    "token": {
      "mint": "demo_token_1752411961_1",
      "symbol": "DEMO2",
      "name": "Demo Token 2"
    },
    "amount_sol": 0.001,
    "trade_id": "trade_000030",
    "bot_info": {
      "name": "AURACLE",
      "version": "1.0.0",
      "traveler_id": "5798"
    },
    "market_data": {
      "liquidity": 19382,
      "volume_24h": 5619,
      "price_change_24h": -0.015262672578651826,
      "holders": 298
    }
  },
  {
    "session_id": "20250713_125700",
    "timestamp": "2025-07-13T13:06:01.549475",
    "action": "BUY",
    "token": {
      "mint": "demo_token_1752411961_2",
      "symbol": "DEMO3",
      "name": "Demo Token 3"
    },
    "amount_sol": 0.001,
    "trade_id": "trade_000031",
    "bot_info": {
      "name": "AURACLE",
      "version": "1.0.0",
      "traveler_id": "5798"
    },
    "market_data": {
      "liquidity": 37148,
      "volume_24h": 8780,
      "price_change_24h": 0.2259728147496392,
      "holders": 377
    }
  },
  {
    "session_id": "20250713_125700",
    "timestamp": "2025-07-13T13:07:01.399501",
    "action": "BUY",
    "token": {
      "mint": "demo_token_1752412021_0",
      "symbol": "DEMO1",
      "name": "Demo Token 1"
    },
    "amount_sol": 0.001,
    "trade_id": "trade_000032",
    "bot_info": {
      "name": "AURACLE",
      "version": "1.0.0",
      "traveler_id": "5798"
    },
    "market_data": {
      "liquidity": 25224,
      "volume_24h": 4023,
      "price_change_24h": -0.2549889613775842,
      "holders": 252
    }
  },
  {
    "session_id": "20250713_125700",
    "timestamp": "2025-07-13T13:07:01.502214",
    "action": "BUY",
    "token": {
      "mint": "demo_token_1752412021_1",
      "symbol": "DEMO2",
      "name": "Demo Token 2"
    },
    "amount_sol": 0.001,
    "trade_id": "trade_000033",
    "bot_info": {
      "name": "AURACLE",
      "version": "1.0.0",
      "traveler_id": "5798"
    },
    "market_data": {
      "liquidity": 11514,
      "volume_24h": 10627,
      "price_change_24h": -0.05433937936756403,
      "holders": 366
    }
  },
  {
    "session_id": "20250713_125700",
    "timestamp": "2025-07-13T13:07:01.604678",
    "action": "BUY",
    "token": {
      "mint": "demo_token_1752412021_2",
      "symbol": "DEMO3",
      "name": "Demo Token 3"
    },
    "amount_sol": 0.001,
    "trade_id": "trade_000034",
    "bot_info": {
      "name": "AURACLE",
      "version": "1.0.0",
      "traveler_id": "5798"
    },
    "market_data": {
      "liquidity": 43348,
      "volume_24h": 14572,
      "price_change_24h": -0.05498223714532352,
      "holders": 85
    }
  },
  {
    "session_id": "20250713_125700",
    "timestamp": "2025-07-13T13:08:01.464716",
    "action": "BUY",
    "token": {
      "mint": "demo_token_1752412081_0",
      "symbol": "DEMO1",
      "name": "Demo Token 1"
    },
    "amount_sol": 0.001,
    "trade_id": "trade_000035",
    "bot_info": {
      "name": "AURACLE",
      "version": "1.0.0",
      "traveler_id": "5798"
    },
    "market_data": {
      "liquidity": 19576,
      "volume_24h": 11464,
      "price_change_24h": 0.08853298604802518,
      "holders": 395
    }
  },
  {
    "session_id": "20250713_125700",
    "timestamp": "2025-07-13T13:08:01.568076",
    "action": "BUY",
    "token": {
      "mint": "demo_token_1752412081_1",
      "symbol": "DEMO2",
      "name": "Demo Token 2"
    },
    "amount_sol": 0.001,
    "trade_id": "trade_000036",
    "bot_info": {
      "name": "AURACLE",
      "version": "1.0.0",
      "traveler_id": "5798"
    },
    "market_data": {
      "liquidity": 38673,
      "volume_24h": 18284,
      "price_change_24h": -0.29644399180204567,
      "holders": 324
    }
  },
  {
    "session_id": "20250713_125700",
    "timestamp": "2025-07-13T13:08:01.671680",
    "action": "BUY",
    "token": {
      "mint": "demo_token_1752412081_2",
      "symbol": "DEMO3",
      "name": "Demo Token 3"
    },
    "amount_sol": 0.001,
    "trade_id": "trade_000037",
    "bot_info": {
      "name": "AURACLE",
      "version": "1.0.0",
      "traveler_id": "5798"
    },
    "market_data": {
      "liquidity": 34049,
      "volume_24h": 17522,
      "price_change_24h": -0.1147958137384302,
      "holders": 209
    }
  },
  {
    "session_id": "20250713_125700",
    "timestamp": "2025-07-13T13:08:01.774511",
    "action": "BUY",
    "token": {
      "mint": "demo_token_1752412081_3",
      "symbol": "DEMO4",
      "name": "Demo Token 4"
    },
    "amount_sol": 0.001,
    "trade_id": "trade_000038",
    "bot_info": {
      "name": "AURACLE",
      "version": "1.0.0",
      "traveler_id": "5798"
    },
    "market_data": {
      "liquidity": 24765,
      "volume_24h": 1169,
      "price_change_24h": -0.23038254624020382,
      "holders": 399
    }
  },
  {
    "session_id": "20250713_125700",
    "timestamp": "2025-07-13T13:09:01.524681",
    "action": "BUY",
    "token": {
      "mint": "demo_token_1752412141_0",
      "symbol": "DEMO1",
      "name": "Demo Token 1"
    },
    "amount_sol": 0.001,
    "trade_id": "trade_000039",
    "bot_info": {
      "name": "AURACLE",
      "version": "1.0.0",
      "traveler_id": "5798"
    },
    "market_data": {
      "liquidity": 26239,
      "volume_24h": 13930,
      "price_change_24h": -0.10163212896563237,
      "holders": 333
    }
  },
  {
    "session_id": "20250713_125700",
    "timestamp": "2025-07-13T13:09:01.627860",
    "action": "BUY",
    "token": {
      "mint": "demo_token_1752412141_1",
      "symbol": "DEMO2",
      "name": "Demo Token 2"
    },
    "amount_sol": 0.001,
    "trade_id": "trade_000040",
    "bot_info": {
      "name": "AURACLE",
      "version": "1.0.0",
      "traveler_id": "5798"
    },
    "market_data": {
      "liquidity": 18075,
      "volume_24h": 8921,
      "price_change_24h": 0.16678793883098886,
      "holders": 328
    }
  },
  {
    "session_id": "20250713_125700",
    "timestamp": "2025-07-13T13:10:01.584784",
    "action": "BUY",
    "token": {
      "mint": "demo_token_1752412201_0",
      "symbol": "DEMO1",
      "name": "Demo Token 1"
    },
    "amount_sol": 0.001,
    "trade_id": "trade_000041",
    "bot_info": {
      "name": "AURACLE",
      "version": "1.0.0",
      "traveler_id": "5798"
    },
    "market_data": {
      "liquidity": 40199,
      "volume_24h": 13917,
      "price_change_24h": 0.09781597241582851,
      "holders": 107
    }
  },
  {
    "session_id": "20250713_125700",
    "timestamp": "2025-07-13T13:11:01.646436",
    "action": "BUY",
    "token": {
      "mint": "demo_token_1752412261_0",
      "symbol": "DEMO1",
      "name": "Demo Token 1"
    },
    "amount_sol": 0.001,
    "trade_id": "trade_000042",
    "bot_info": {
      "name": "AURACLE",
      "version": "1.0.0",
      "traveler_id": "5798"
    },
    "market_data": {
      "liquidity": 23282,
      "volume_24h": 937,
      "price_change_24h": -0.05813870694018716,
      "holders": 135
    }
  },
  {
    "session_id": "20250713_125700",
    "timestamp": "2025-07-13T13:11:01.749120",
    "action": "BUY",
    "token": {
      "mint": "demo_token_1752412261_1",
      "symbol": "DEMO2",
      "name": "Demo Token 2"
    },
    "amount_sol": 0.001,
    "trade_id": "trade_000043",
    "bot_info": {
      "name": "AURACLE",
      "version": "1.0.0",
      "traveler_id": "5798"
    },
    "market_data": {
      "liquidity": 49712,
      "volume_24h": 17158,
      "price_change_24h": 0.19064215074487678,
      "holders": 280
    }
  },
  {
    "session_id": "20250713_125700",
    "timestamp": "2025-07-13T13:12:01.706098",
    "action": "BUY",
    "token": {
      "mint": "demo_token_1752412321_0",
      "symbol": "DEMO1",
      "name": "Demo Token 1"
    },
    "amount_sol": 0.001,
    "trade_id": "trade_000044",
    "bot_info": {
      "name": "AURACLE",
      "version": "1.0.0",
      "traveler_id": "5798"
    },
    "market_data": {
      "liquidity": 37356,
      "volume_24h": 18420,
      "price_change_24h": 0.2408103357824813,
      "holders": 413
    }
  },
  {
    "session_id": "20250713_125700",
    "timestamp": "2025-07-13T13:12:01.809301",
    "action": "BUY",
    "token": {
      "mint": "demo_token_1752412321_1",
      "symbol": "DEMO2",
      "name": "Demo Token 2"
    },
    "amount_sol": 0.001,
    "trade_id": "trade_000045",
    "bot_info": {
      "name": "AURACLE",
      "version": "1.0.0",
      "traveler_id": "5798"
    },
    "market_data": {
      "liquidity": 34521,
      "volume_24h": 18896,
      "price_change_24h": 0.10348680168126423,
      "holders": 247
    }
  },
  {
    "session_id": "20250713_125700",
    "timestamp": "2025-07-13T13:12:01.913067",
    "action": "BUY",
    "token": {
      "mint": "demo_token_1752412321_2",
      "symbol": "DEMO3",
      "name": "Demo Token 3"
    },
    "amount_sol": 0.001,
    "trade_id": "trade_000046",
    "bot_info": {
      "name": "AURACLE",
      "version": "1.0.0",
      "traveler_id": "5798"
    },
    "market_data": {
      "liquidity": 31479,
      "volume_24h": 15856,
      "price_change_24h": -0.051577745084458226,
      "holders": 254
    }
  },
  {
    "session_id": "20250713_125700",
    "timestamp": "2025-07-13T13:13:01.767111",
    "action": "BUY",
    "token": {
      "mint": "demo_token_1752412381_0",
      "symbol": "DEMO1",
      "name": "Demo Token 1"
    },
    "amount_sol": 0.001,
    "trade_id": "trade_000047",
    "bot_info": {
      "name": "AURACLE",
      "version": "1.0.0",
      "traveler_id": "5798"
    },
    "market_data": {
      "liquidity": 44306,
      "volume_24h": 1091,
      "price_change_24h": 0.20880113417353757,
      "holders": 401
    }
  },
  {
    "session_id": "20250713_125700",
    "timestamp": "2025-07-13T13:13:01.871578",
    "action": "BUY",
    "token": {
      "mint": "demo_token_1752412381_1",
      "symbol": "DEMO2",
      "name": "Demo Token 2"
    },
    "amount_sol": 0.001,
    "trade_id": "trade_000048",
    "bot_info": {
      "name": "AURACLE",
      "version": "1.0.0",
      "traveler_id": "5798"
    },
    "market_data": {
      "liquidity": 20708,
      "volume_24h": 13586,
      "price_change_24h": -0.17476456853844416,
      "holders": 341
    }
  },
  {
    "session_id": "20250713_125700",
    "timestamp": "2025-07-13T13:14:01.827046",
    "action": "BUY",
    "token": {
      "mint": "demo_token_1752412441_0",
      "symbol": "DEMO1",
      "name": "Demo Token 1"
    },
    "amount_sol": 0.001,
    "trade_id": "trade_000049",
    "bot_info": {
      "name": "AURACLE",
      "version": "1.0.0",
      "traveler_id": "5798"
    },
    "market_data": {
      "liquidity": 17562,
      "volume_24h": 19327,
      "price_change_24h": 0.17519384790368614,
      "holders": 311
    }
  },
  {
    "session_id": "20250713_133329",
    "timestamp": "2025-07-13T13:33:29.583428",
    "action": "BUY",
    "token": {
      "mint": "demo_token_1752413609_0",
      "symbol": "DEMO1",
      "name": "Demo Token 1"
    },
    "amount_sol": 0.001,
    "trade_id": "trade_000000",
    "bot_info": {
      "name": "AURACLE",
      "version": "1.0.0",
      "traveler_id": "5798"
    },
    "market_data": {
      "liquidity": 5582,
      "volume_24h": 1700,
      "price_change_24h": -0.07022617995384434,
      "holders": 120
    }
  },
  {
    "session_id": "20250713_133329",
    "timestamp": "2025-07-13T13:34:29.584284",
    "action": "BUY",
    "token": {
      "mint": "demo_token_1752413669_0",
      "symbol": "DEMO1",
      "name": "Demo Token 1"
    },
    "amount_sol": 0.001,
    "trade_id": "trade_000001",
    "bot_info": {
      "name": "AURACLE",
      "version": "1.0.0",
      "traveler_id": "5798"
    },
    "market_data": {
      "liquidity": 35978,
      "volume_24h": 18967,
      "price_change_24h": 0.2670376240978782,
      "holders": 315
    }
  },
  {
    "session_id": "20250713_133329",
    "timestamp": "2025-07-13T13:34:29.586044",
    "action": "BUY",
    "token": {
      "mint": "demo_token_1752413669_1",
      "symbol": "DEMO2",
      "name": "Demo Token 2"
    },
    "amount_sol": 0.001,
    "trade_id": "trade_000002",
    "bot_info": {
      "name": "AURACLE",
      "version": "1.0.0",
      "traveler_id": "5798"
    },
    "market_data": {
      "liquidity": 32746,
      "volume_24h": 2259,
      "price_change_24h": 0.26317010620653863,
      "holders": 114
    }
  },
  {
    "session_id": "20250713_133329",
    "timestamp": "2025-07-13T13:34:29.587808",
    "action": "BUY",
    "token": {
      "mint": "demo_token_1752413669_2",
      "symbol": "DEMO3",
      "name": "Demo Token 3"
    },
    "amount_sol": 0.001,
    "trade_id": "trade_000003",
    "bot_info": {
      "name": "AURACLE",
      "version": "1.0.0",
      "traveler_id": "5798"
    },
    "market_data": {
      "liquidity": 29717,
      "volume_24h": 1213,
      "price_change_24h": 0.21141250003512974,
      "holders": 117
    }
  },
  {
    "session_id": "20250713_133329",
    "timestamp": "2025-07-13T13:34:29.589616",
    "action": "BUY",
    "token": {
      "mint": "demo_token_1752413669_3",
      "symbol": "DEMO4",
      "name": "Demo Token 4"
    },
    "amount_sol": 0.001,
    "trade_id": "trade_000004",
    "bot_info": {
      "name": "AURACLE",
      "version": "1.0.0",
      "traveler_id": "5798"
    },
    "market_data": {
      "liquidity": 25756,
      "volume_24h": 14604,
      "price_change_24h": -0.06722551392194515,
      "holders": 84
    }
  },
  {
    "session_id": "20250713_133329",
    "timestamp": "2025-07-13T13:34:29.591490",
    "action": "BUY",
    "token": {
      "mint": "demo_token_1752413669_4",
      "symbol": "DEMO5",
      "name": "Demo Token 5"
    },
    "amount_sol": 0.001,
    "trade_id": "trade_000005",
    "bot_info": {
      "name": "AURACLE",
      "version": "1.0.0",
      "traveler_id": "5798"
    },
    "market_data": {
      "liquidity": 18983,
      "volume_24h": 7545,
      "price_change_24h": -0.193795182801603,
      "holders": 109
    }
  },
  {
    "session_id": "20250713_133329",
    "timestamp": "2025-07-13T13:35:29.584951",
    "action": "BUY",
    "token": {
      "mint": "demo_token_1752413729_0",
      "symbol": "DEMO1",
      "name": "Demo Token 1"
    },
    "amount_sol": 0.001,
    "trade_id": "trade_000006",
    "bot_info": {
      "name": "AURACLE",
      "version": "1.0.0",
      "traveler_id": "5798"
    },
    "market_data": {
      "liquidity": 44975,
      "volume_24h": 14898,
      "price_change_24h": 0.1313975380157295,
      "holders": 438
    }
  },
  {
    "session_id": "20250713_133329",
    "timestamp": "2025-07-13T13:35:29.586855",
    "action": "BUY",
    "token": {
      "mint": "demo_token_1752413729_1",
      "symbol": "DEMO2",
      "name": "Demo Token 2"
    },
    "amount_sol": 0.001,
    "trade_id": "trade_000007",
    "bot_info": {
      "name": "AURACLE",
      "version": "1.0.0",
      "traveler_id": "5798"
    },
    "market_data": {
      "liquidity": 19901,
      "volume_24h": 4143,
      "price_change_24h": 0.28709292189032726,
      "holders": 457
    }
  },
  {
    "session_id": "20250713_133329",
    "timestamp": "2025-07-13T13:35:29.588917",
    "action": "BUY",
    "token": {
      "mint": "demo_token_1752413729_2",
      "symbol": "DEMO3",
      "name": "Demo Token 3"
    },
    "amount_sol": 0.001,
    "trade_id": "trade_000008",
    "bot_info": {
      "name": "AURACLE",
      "version": "1.0.0",
      "traveler_id": "5798"
    },
    "market_data": {
      "liquidity": 22451,
      "volume_24h": 6998,
      "price_change_24h": -0.1303938006826494,
      "holders": 453
    }
  },
  {
    "session_id": "20250713_134304",
    "timestamp": "2025-07-13T13:43:04.028474",
    "action": "BUY",
    "token": {
      "mint": "demo_token_1752414184_0",
      "symbol": "DEMO1",
      "name": "Demo Token 1"
    },
    "amount_sol": 0.01,
    "trade_id": "trade_000000",
    "bot_info": {
      "name": "AURACLE",
      "version": "1.0.0",
      "traveler_id": "5798"
    },
    "market_data": {
      "liquidity": 49925,
      "volume_24h": 2075,
      "price_change_24h": 0.11308915955937943,
      "holders": 413
    }
  },
  {
    "session_id": "20250713_134304",
    "timestamp": "2025-07-13T13:43:04.030463",
    "action": "BUY",
    "token": {
      "mint": "demo_token_1752414184_1",
      "symbol": "DEMO2",
      "name": "Demo Token 2"
    },
    "amount_sol": 0.01,
    "trade_id": "trade_000001",
    "bot_info": {
      "name": "AURACLE",
      "version": "1.0.0",
      "traveler_id": "5798"
    },
    "market_data": {
      "liquidity": 14595,
      "volume_24h": 14682,
      "price_change_24h": -0.27075883587516736,
      "holders": 136
    }
  },
  {
    "session_id": "20250713_140206",
    "timestamp": "2025-07-13T14:02:06.193780",
    "action": "BUY",
    "token": {
      "mint": "demo_token_1752415326_0",
      "symbol": "DEMO1",
      "name": "Demo Token 1"
    },
    "amount_sol": 0.015,
    "trade_id": "trade_000000",
    "bot_info": {
      "name": "AURACLE",
      "version": "1.0.0",
      "traveler_id": "5798"
    },
    "market_data": {
      "liquidity": 11722,
      "volume_24h": 9906,
      "price_change_24h": 0.05402424463125671,
      "holders": 389
    }
  },
  {
    "session_id": "20250713_140206",
    "timestamp": "2025-07-13T14:02:06.198638",
    "action": "BUY",
    "token": {
      "mint": "demo_token_1752415326_1",
      "symbol": "DEMO2",
      "name": "Demo Token 2"
    },
    "amount_sol": 0.01,
    "trade_id": "trade_000001",
    "bot_info": {
      "name": "AURACLE",
      "version": "1.0.0",
      "traveler_id": "5798"
    },
    "market_data": {
      "liquidity": 33891,
      "volume_24h": 9041,
      "price_change_24h": 0.21479278090340198,
      "holders": 466
    }
  },
  {
    "session_id": "20250713_140206",
    "timestamp": "2025-07-13T14:02:06.201747",
    "action": "BUY",
    "token": {
      "mint": "demo_token_1752415326_2",
      "symbol": "DEMO3",
      "name": "Demo Token 3"
    },
    "amount_sol": 0.01,
    "trade_id": "trade_000002",
    "bot_info": {
      "name": "AURACLE",
      "version": "1.0.0",
      "traveler_id": "5798"
    },
    "market_data": {
      "liquidity": 3744,
      "volume_24h": 854,
      "price_change_24h": -0.216574275847216,
      "holders": 375
    }
  },
  {
    "session_id": "20250713_140206",
    "timestamp": "2025-07-13T14:02:06.205035",
    "action": "BUY",
    "token": {
      "mint": "demo_token_1752415326_3",
      "symbol": "DEMO4",
      "name": "Demo Token 4"
    },
    "amount_sol": 0.01,
    "trade_id": "trade_000003",
    "bot_info": {
      "name": "AURACLE",
      "version": "1.0.0",
      "traveler_id": "5798"
    },
    "market_data": {
      "liquidity": 24006,
      "volume_24h": 5699,
      "price_change_24h": 0.20018601011029197,
      "holders": 204
    }
  },
  {
    "session_id": "20250713_140206",
    "timestamp": "2025-07-13T14:02:06.208216",
    "action": "BUY",
    "token": {
      "mint": "demo_token_1752415326_4",
      "symbol": "DEMO5",
      "name": "Demo Token 5"
    },
    "amount_sol": 0.01,
    "trade_id": "trade_000004",
    "bot_info": {
      "name": "AURACLE",
      "version": "1.0.0",
      "traveler_id": "5798"
    },
    "market_data": {
      "liquidity": 43490,
      "volume_24h": 1497,
      "price_change_24h": -0.16080090819071224,
      "holders": 109
    }
  }
]